tconst,nconst
tt9826992,nm2432523
tt9827314,nm2103438
tt9827338,nm4347909
tt9827352,nm10498171
tt9827784,nm0794048
tt9827834,nm0038811
tt9827998,nm7981125
tt9827998,nm7981131
tt9828254,nm3829368
tt9828278,nm10498667
tt9828464,nm4323528
tt9828802,nm0001238
tt9828814,nm0739287
tt9828864,nm6518742
tt9828918,nm0489309
tt9829090,nm10498955
tt9829090,nm10498956
tt9829092,nm2247620
tt9829108,nm5445367
tt9829324,nm3751038
tt9829966,nm0080387
tt9829966,nm0837788
tt9830138,nm0490396
tt9831136,nm0261629
tt9832110,nm0624809
tt9832396,nm0408098
tt9832684,nm8953019
tt9833068,nm1463185
tt9833226,nm10500453
tt9833308,nm2921284
tt9833362,nm0113845
tt9833886,nm3307018
tt9834062,nm3666580
tt9834492,nm3009133
tt9834506,nm1439333
tt9834736,nm6513277
tt9834798,nm4227314
tt9837320,nm0854853
tt9837502,nm8867677
tt9837530,nm1890246
tt9837530,nm0911002
tt9837672,nm0627318
tt9838252,nm0997990
tt9838364,nm0946019
tt9838372,nm2543797
tt9838378,nm0840690
tt9838412,nm4999608
tt9838414,nm6855684
tt9838656,nm0755788
tt9838780,nm10503027
tt9838980,nm1730404
tt9839008,nm10503166
tt9839038,nm0304541
tt9839040,nm2202538
tt9839380,nm3449102
tt9839636,nm9227195
tt9839670,nm4836822
tt9839686,nm2749705
tt9840382,nm0110292
tt9840958,nm4672801
tt9841750,nm0037576
tt9841876,nm6993762
tt9841876,nm14092374
tt9842404,nm8193714
tt9842404,nm1123155
tt9842544,nm0845417
tt9842678,nm1203591
tt9842740,nm10504449
tt9842740,nm10504450
tt9842872,nm10504675
tt9842874,nm7318388
tt9842918,nm0131064
tt9843292,nm2155676
tt9843390,nm0584439
tt9843402,nm3323038
tt9843470,nm3407885
tt9843632,nm0155244
tt9843632,nm1253912
tt9843984,nm2019556
tt9844004,nm3386933
tt9844062,nm10505695
tt9844102,nm3386933
tt9844256,nm3421291
tt9844256,nm0849465
tt9844358,nm0620378
tt9844368,nm1271233
tt9844448,nm5556378
tt9844522,nm0733263
tt9844650,nm10506270
tt9844864,nm5168373
tt9844892,nm0419494
tt9844938,nm1932959
tt9844944,nm0725526
tt9845012,nm0705813
tt9845036,nm5523463
tt9845110,nm2889273
tt9845398,nm1431281
tt9845564,nm1589515
tt9846030,nm3815804
tt9846154,nm1515581
tt9846154,nm6305117
tt9846650,nm4683309
tt9846692,nm3944301
tt9846922,nm10507003
tt9847360,nm0038896
tt9847482,nm10507155
tt9848092,nm5679615
tt9848382,nm8664112
tt9848404,nm6921912
tt9848626,nm5844211
tt9848668,nm0091336
tt9848724,nm4950598
tt9848804,nm6531256
tt9848946,nm2244615
tt9848962,nm10508359
tt9848968,nm0796159
tt9848972,nm0192053
tt9848990,nm0333241
tt9849004,nm2818863
tt9849122,nm1896291
tt9849230,nm0960025
tt9849402,nm4909831
tt9849644,nm0825671
tt9849964,nm1704645
tt9850050,nm1840544
tt9850064,nm2268014
tt9850116,nm10509113
tt9850264,nm1305198
tt9850344,nm0284774
tt9850370,nm9921790
tt9850370,nm10509355
tt9850386,nm0550881
tt9850388,nm2544171
tt9850488,nm2585445
tt9850492,nm0523665
tt9850646,nm7141946
tt9850646,nm15442176
tt9850740,nm10509644
tt9851050,nm1272773
tt9851854,nm3481620
tt9852644,nm7444576
tt9853118,nm9124446
tt9853264,nm3017750
tt9853500,nm3268280
tt9853632,nm1504247
tt9853664,nm3408503
tt9853686,nm9282392
tt9853814,nm4314403
tt9853992,nm9399643
tt9854058,nm2751807
tt9854638,nm0873488
tt9854782,nm0819810
tt9854782,nm4423646
tt9854844,nm0519983
tt9854992,nm9813048
tt9855170,nm8414632
tt9855210,nm1316323
tt9855214,nm0539034
tt9855500,nm1356458
tt9855510,nm2532621
tt9855510,nm3522955
tt9855672,nm8299782
tt9855728,nm1977463
tt9855792,nm9835768
tt9855978,nm0421559
tt9855990,nm0539354
tt9856064,nm2602822
tt9856064,nm8776049
tt9856352,nm10512337
tt9856438,nm2207395
tt9856574,nm0192394
tt9856606,nm1165751
tt9856680,nm7654870
tt9857170,nm1681311
tt9857480,nm1475034
tt9857522,nm10512656
tt9857850,nm3524360
tt9858456,nm0072985
tt9858794,nm9124446
tt9858794,nm10513060
tt9858942,nm10513142
tt9859372,nm2823476
tt9859504,nm1879025
tt9859510,nm0551506
tt9859574,nm3065430
tt9859758,nm10513748
tt9859786,nm0658482
tt9859814,nm0590991
tt9859960,nm1469575
tt9860350,nm3608044
tt9860566,nm3817317
tt9860728,nm0474955
tt9860858,nm3701357
tt9860860,nm4591469
tt9860860,nm10514359
tt9861200,nm1327281
tt9861204,nm3053575
tt9861204,nm2091127
tt9861204,nm3218921
tt9861204,nm5961758
tt9861214,nm5060273
tt9861220,nm10514492
tt9861230,nm1454795
tt9861254,nm6348721
tt9861288,nm9970487
tt9861480,nm3108036
tt9861522,nm9607013
tt9861910,nm10514802
tt9862466,nm4705838
tt9862468,nm1317297
tt9862978,nm3552122
tt9862978,nm8047584
tt9863150,nm3298238
tt9863150,nm3877246
tt9863566,nm3978114
tt9863566,nm3972168
tt9863642,nm0698489
tt9863778,nm5130412
tt9864800,nm2285959
tt9865282,nm9880443
tt9865310,nm4774474
tt9865310,nm14689700
tt9865452,nm10516211
tt9865492,nm2051971
tt9866072,nm0925870
tt9866202,nm2739941
tt9866204,nm1358366
tt9866208,nm3510519
tt9866220,nm4978936
tt9866284,nm3570039
tt9866344,nm6767387
tt9866620,nm2149740
tt9866700,nm3932585
tt9866708,nm5943474
tt9866710,nm10516768
tt9866712,nm1069867
tt9866736,nm5796019
tt9866736,nm3377587
tt9866736,nm1672058
tt9866774,nm10516768
tt9866916,nm4306987
tt9866998,nm10516928
tt9867248,nm3066450
tt9867278,nm1286044
tt9867458,nm4692370
tt9867616,nm1407803
tt9867628,nm1056059
tt9868158,nm2327860
tt9868996,nm2136602
tt9868996,nm16564211
tt9869228,nm10517485
tt9869564,nm0771953
tt9869578,nm1174582
tt9869668,nm5044047
tt9869940,nm9527420
tt9869942,nm7024509
tt9869952,nm2101744
tt9869952,nm4818970
tt9869994,nm7519254
tt9870612,nm2927604
tt9870726,nm3152881
tt9871454,nm4741169
tt9871628,nm0464815
tt9871956,nm9089369
tt9871990,nm2345939
tt9872038,nm10518948
tt9872052,nm10519174
tt9872368,nm9121528
tt9872368,nm8046658
tt9872488,nm8486927
tt9872556,nm0524516
tt9872558,nm7012694
tt9872614,nm4250383
tt9872616,nm8647944
tt9873004,nm2359327
tt9873376,nm4624934
tt9873652,nm0525495
tt9873652,nm3615382
tt9873892,nm3541432
tt9873930,nm5254274
tt9874080,nm7295573
tt9875128,nm6095820
tt9875554,nm3208626
tt9875590,nm10520122
tt9875852,nm3242410
tt9875900,nm2570760
tt9876022,nm0346069
tt9876160,nm1252857
tt9876288,nm4586838
tt9876288,nm7098678
tt9876298,nm0292661
tt9876298,nm7928577
tt9876298,nm5210422
tt9876582,nm5729008
tt9876944,nm9809339
tt9877138,nm1210118
tt9877170,nm1887138
tt9877340,nm0430485
tt9877648,nm10521461
tt9877846,nm10521526
tt9878242,nm4138638
tt9878246,nm5234965
tt9878246,nm5891302
tt9878246,nm9374886
tt9878246,nm6141597
tt9878422,nm6249581
tt9878422,nm1466864
tt9878422,nm7681617
tt9878422,nm7149401
tt9878504,nm0208862
tt9878598,nm1598347
tt9878650,nm9826284
tt9878666,nm10521830
tt9878666,nm3340768
tt9878856,nm9939043
tt9878866,nm10521954
tt9879060,nm9766830
tt9879682,nm9516167
tt9879720,nm10522300
tt9880724,nm6484261
tt9880982,nm1240647
tt9881294,nm7667990
tt9881330,nm5553272
tt9881364,nm7843279
tt9881392,nm7897957
tt9881460,nm0179030
tt9881572,nm5272429
tt9881586,nm1637806
tt9881616,nm5487558
tt9881616,nm2327950
tt9881616,nm9985563
tt9881616,nm10526485
tt9881630,nm5617606
tt9881850,nm1406025
tt9881872,nm2960263
tt9881924,nm2156120
tt9881942,nm7270510
tt9882054,nm9792860
tt9882284,nm1866161
tt9882532,nm10523704
tt9882750,nm1628156
tt9882978,nm1185294
tt9883042,nm0898524
tt9883398,nm0330347
tt9883398,nm0817447
tt9883832,nm0605137
tt9883948,nm2426615
tt9883996,nm0528186
tt9884024,nm10524771
tt9884202,nm5258636
tt9884202,nm14618377
tt9884562,nm10525056
tt9885000,nm2694154
tt9885666,nm10525245
tt9886806,nm0027948
tt9886806,nm0895849
tt9886934,nm0001206
tt9887106,nm9357710
tt9887106,nm10525745
tt9887130,nm0839008
tt9887154,nm3373940
tt9887154,nm7813934
tt9887160,nm3901090
tt9887164,nm10525865
tt9887388,nm0134682
tt9887520,nm3465317
tt9887580,nm0666806
tt9888844,nm3790284
tt9888954,nm8255801
tt9889412,nm4170979
tt9889412,nm0453262
tt9889814,nm10526957
tt9889916,nm10526964
tt9889918,nm10182900
tt9889926,nm2376855
tt9889926,nm10667427
tt9889934,nm2992917
tt9889952,nm10526983
tt9890024,nm0650378
tt9890028,nm0890060
tt9890030,nm0728261
tt9890036,nm10527005
tt9890052,nm5533033
tt9890060,nm2014969
tt9890070,nm10527045
tt9890120,nm3762623
tt9890308,nm7981674
tt9890322,nm6475928
tt9890430,nm10527180
tt9890758,nm8486999
tt9890850,nm0755805
tt9891516,nm5556378
tt9891640,nm0770643
tt9891830,nm0591499
tt9891874,nm1141136
tt9891882,nm2958752
tt9892094,nm4802773
tt9892338,nm5887755
tt9892546,nm2648766
tt9892842,nm1288838
tt9892908,nm0563848
tt9892970,nm1378741
tt9893012,nm1592574
tt9893078,nm0349702
tt9893084,nm1383301
tt9893158,nm5674961
tt9893160,nm1902511
tt9893250,nm2128335
tt9893266,nm10467223
tt9893824,nm0191258
tt9893922,nm10528947
tt9894098,nm10529107
tt9894108,nm0464880
tt9894394,nm10529303
tt9894394,nm10529305
tt9894394,nm10529304
tt9894418,nm10529328
tt9894440,nm0459732
tt9894450,nm1315212
tt9894470,nm3976308
tt9894660,nm3555793
tt9894668,nm7296944
tt9894668,nm7296943
tt9894894,nm5585796
tt9895024,nm8135721
tt9896252,nm0528508
tt9896768,nm5619726
tt9896876,nm1644765
tt9896916,nm4775123
tt9897230,nm8067036
tt9897258,nm3715437
tt9897520,nm5861717
tt9897722,nm1951546
tt9897744,nm4620155
tt9897744,nm2164032
tt9898086,nm0871456
tt9898328,nm2331660
tt9898368,nm0837149
tt9898602,nm0059924
tt9898844,nm7223134
tt9898858,nm0236226
tt9899716,nm4965130
tt9899840,nm4159008
tt9899850,nm0423167
tt9899860,nm10531298
tt9899880,nm5971240
tt9899938,nm3118757
tt9900050,nm1260845
tt9900060,nm1238086
tt9900180,nm10531566
tt9900354,nm0412915
tt9900388,nm10531593
tt9900388,nm10531592
tt9900398,nm1443925
tt9900552,nm4479905
tt9900570,nm3550565
tt9900614,nm1351271
tt9900688,nm5489806
tt9900782,nm7992231
tt9900940,nm4061153
tt9901532,nm8465573
tt9902160,nm1630273
tt9903716,nm10532693
tt9903802,nm1355731
tt9903920,nm1355731
tt9903952,nm10532891
tt9903968,nm1355731
tt9904004,nm5609795
tt9904010,nm1355731
tt9904014,nm6960704
tt9904250,nm7296944
tt9904250,nm7296943
tt9904530,nm10533411
tt9904552,nm16870722
tt9904648,nm7492822
tt9904648,nm10570118
tt9904670,nm2636350
tt9904802,nm0052054
tt9904820,nm4677501
tt9904844,nm4942142
tt9905412,nm10533890
tt9905462,nm0151535
tt9905476,nm10533931
tt9905796,nm10534135
tt9905932,nm1645815
tt9906128,nm10534256
tt9906218,nm0932216
tt9906262,nm1427130
tt9906278,nm1645815
tt9906644,nm7011994
tt9907396,nm1645815
tt9907782,nm1193346
tt9908390,nm1415268
tt9908960,nm10534967
tt9909228,nm0169214
tt9909228,nm0743417
tt9909462,nm0442227
tt9909938,nm0994435
tt9910206,nm7929295
tt9910238,nm10535862
tt9910502,nm7288238
tt9910530,nm9955530
tt9910778,nm10536246
tt9910930,nm10536332
tt9911006,nm10536350
tt9911046,nm5123162
tt9911196,nm0631590
tt9911306,nm8929755
tt9911774,nm10536451
tt9913056,nm1502645
tt9913084,nm0812850
tt9913660,nm1067844
tt9913872,nm2628356
tt9913936,nm10091596
tt9914192,nm0764367
tt9914254,nm1375922
tt9914286,nm1832009
tt9914642,nm5300859
tt9914644,nm2603587
tt9914662,nm10537404
tt9914942,nm1716653
tt9914972,nm5293094
tt9914972,nm0743916
tt9915592,nm1033328
tt9915790,nm10538030
tt9915872,nm8063415
tt9915946,nm0652213
tt9916160,nm5684093
tt9916170,nm5412267
tt9916190,nm7308376
tt9916270,nm1480867
tt9916362,nm1893148
tt9916428,nm0910951
tt9916538,nm4457074
tt9916706,nm7764440
tt9916730,nm10538612
